{"DTJEyqsP+085X36MRW92/g==":"mbr-1920x1280.jpg","PVplKsZ3SjrtHDfw53Ds8A==":"mbr-1-1920x1280.jpg","XZ+LTKxiSD0B+qYiVPtV6Q==":"mbr-1920x1826.png","pYIgrR6UytbRrRWE5EWKKw==":"unity-3d-1440x832.png","UqT1xM/3XfmM2AfMMnJO7w==":"htc-vive-tested-1440x810.jpg","SENPYzbA4xhqzpI2Rrb27Q==":"htc-vive-tested-1900x1069.jpg","S+KBViGjO+4S9Mp9YG7qZw==":"leapmotion-1280x720.jpg","rkUcBjrqBoK40Io3suypAw==":"mbr-1920x1023.jpg","4IHwDTPF/WnyToYpRbC3Yw==":"mbr-1920x1276.jpg","yhrHnSxeq8ah7df2eSP2qQ==":"lua-logo.svg","a/kzos7YHMOL+6JKLIwACw==":"c++_logo.svg-696x782.png","iModcG7BexorEdvmzSPjow==":"c_sharp_logo.svg-696x765.png","tNu5zh36thKUrvhU+PhScQ==":"tfs_logo-696x544.png","AF9CgPLp4QU81ajyMTcZwg==":"unity_logo-696x387.png","tuIlWdNh0P3hWlN4mzhcsQ==":"gitlab_logo-696x307.png","VSTEy0lRSXY6r69R7PdHlg==":"unity_logo-2-696x253.png","3SsY+WXUq+oHOjiYq0vVpw==":"gitlab_logo-691x637.png","pn/HKM3zsK3L/PT1B2NMmg==":"lua_logo-696x696.png","+FqZwFIqqLWaSsJxAo7aqA==":"cpp_logo-696x782.png","x86KXYIwGOzsrqKhHhWG7Q==":"unity_logo-498x512.png","+xB7LbLNTJq2zKwvTxIsSQ==":"gitlab_logo-696x664.png","xnaid6Ft63gS65fAyfa/HA==":"lua_logo-500x500.png","5QgkpyjS7aTzaVZe+3w+GA==":"lua_logo-250x250.png","nD8aNO18iyVe+apdMxpHqA==":"lua_logo-63x63.png","IzjLSabxVUlAc0YLz/MT6w==":"cpp_logo-223x250.png","wWnxhhDzT/l4bGRziB2iMg==":"c#_logo-696x748.png","S0A6DjgpNBiXjuYJftJwaw==":"unity-3d-696x402.png","83dX/w+Ia2y5q8EeHr6MZg==":"htc-vive-tested-696x392.jpg","xH7z61OCMuU6wnbdEbL0Jg==":"leapmotion-696x391.jpg","bhc/4VidF8zKwNfLVpBrtw==":"title_image-1440x1004.jpg","WMpsIxDZlWlBrY86tz1ETA==":"mbr-506x285.jpg","Cesjxe6cW0NYFSAP4kiRig==":"features1.jpg","703jGkvtoXpxbZTG7S89UA==":"features2.jpg","HUfpc9SvDwBk7sbVG2SgiA==":"features3.jpg","WeIcOp+qLfFEPxVAXUUAEA==":"features4.jpg","Vb7GgbMoe0curpGYBParsg==":"background3.jpg","xQHlRFetKOUIvz1MbshWhw==":"mbr-506x358.png","7YSBd0vYDCMN0FmMGMLWNA==":"mbr-506x337.jpg","py/uFk+pR/iccaSLXSDaGw==":"mbr-1-506x337.jpg"}